{
  "mode": "sweep",
  "knee_bandwidth_gbps": 100.0,
  "knee_reason": "latency_gain_flattened",
  "rows": [
    {
      "total_samples": 1,
      "total_latency_s": 0.0239883618952341,
      "data_tx_latency_s": 0.0012749694047599076,
      "inter_stage_latency_s": 0.002872678204759908,
      "stage1_compute_latency_s": 0.0024203571428571425,
      "stage2_compute_latency_s": 0.0024203571428571425,
      "effective_compute_flops": 989196348780881.6,
      "effective_compute_pflops": 0.9891963487808816,
      "ideal_peak_pflops": 20.0,
      "compute_utilization": 0.04945981743904408,
      "bottleneck_stage": "bigstar1_stage",
      "decode_latency_s_per_token": 0.004712277561902766,
      "decode_total_latency_s": 0.004712277561902766,
      "decode_compute_latency_s_per_token": 1.5662775e-05,
      "decode_memory_latency_s_per_token": 0.002343703678571429,
      "decode_effective_compute_pflops": 0.013295290690538648,
      "decode_bottleneck": "memory",
      "prefill_compute_time_s": 0.00237292,
      "prefill_memory_time_s": 0.0024203571428571425,
      "prefill_time_s": 0.007713392490474193,
      "prefill_bottleneck": "memory",
      "decode_energy_efficiency_tokens_per_j": 0.010610580413223908,
      "total_inference_time_s": 0.012425670052376958,
      "prefill_peak_memory_bytes": 73838763407.36,
      "prefill_peak_memory_gb": 73.83876340736,
      "prefill_weight_memory_bytes": 32000000000.0,
      "prefill_kv_memory_bytes": 42467328.0,
      "prefill_activation_peak_memory_bytes": 33884999999.999996,
      "prefill_workspace_memory_bytes": 7911296079.36,
      "link_bandwidth_gbps": 10.0
    },
    {
      "total_samples": 1,
      "total_latency_s": 0.020696928935234102,
      "data_tx_latency_s": 0.0002683364447599076,
      "inter_stage_latency_s": 0.0005878782047599076,
      "stage1_compute_latency_s": 0.0024203571428571425,
      "stage2_compute_latency_s": 0.0024203571428571425,
      "effective_compute_flops": 1146508260923861.5,
      "effective_compute_pflops": 1.1465082609238615,
      "ideal_peak_pflops": 20.0,
      "compute_utilization": 0.057325413046193076,
      "bottleneck_stage": "bigstar1_stage",
      "decode_latency_s_per_token": 0.004705723961902766,
      "decode_total_latency_s": 0.004705723961902766,
      "decode_compute_latency_s_per_token": 1.5662775e-05,
      "decode_memory_latency_s_per_token": 0.002343703678571429,
      "decode_effective_compute_pflops": 0.013313806867385172,
      "decode_bottleneck": "memory",
      "prefill_compute_time_s": 0.00237292,
      "prefill_memory_time_s": 0.0024203571428571425,
      "prefill_time_s": 0.005428592490474193,
      "prefill_bottleneck": "memory",
      "decode_energy_efficiency_tokens_per_j": 0.010625357629303531,
      "total_inference_time_s": 0.01013431645237696,
      "prefill_peak_memory_bytes": 73838763407.36,
      "prefill_peak_memory_gb": 73.83876340736,
      "prefill_weight_memory_bytes": 32000000000.0,
      "prefill_kv_memory_bytes": 42467328.0,
      "prefill_activation_peak_memory_bytes": 33884999999.999996,
      "prefill_workspace_memory_bytes": 7911296079.36,
      "link_bandwidth_gbps": 50.0
    },
    {
      "total_samples": 1,
      "total_latency_s": 0.0202854998152341,
      "data_tx_latency_s": 0.0001425073247599076,
      "inter_stage_latency_s": 0.0003022782047599076,
      "stage1_compute_latency_s": 0.0024203571428571425,
      "stage2_compute_latency_s": 0.0024203571428571425,
      "effective_compute_flops": 1169761663066331.5,
      "effective_compute_pflops": 1.1697616630663314,
      "ideal_peak_pflops": 20.0,
      "compute_utilization": 0.05848808315331657,
      "bottleneck_stage": "bigstar1_stage",
      "decode_latency_s_per_token": 0.004704904761902766,
      "decode_total_latency_s": 0.004704904761902766,
      "decode_compute_latency_s_per_token": 1.5662775e-05,
      "decode_memory_latency_s_per_token": 0.002343703678571429,
      "decode_effective_compute_pflops": 0.013316125016452518,
      "decode_bottleneck": "memory",
      "prefill_compute_time_s": 0.00237292,
      "prefill_memory_time_s": 0.0024203571428571425,
      "prefill_time_s": 0.005142992490474192,
      "prefill_bottleneck": "memory",
      "decode_energy_efficiency_tokens_per_j": 0.010627207675884796,
      "total_inference_time_s": 0.009847897252376957,
      "prefill_peak_memory_bytes": 73838763407.36,
      "prefill_peak_memory_gb": 73.83876340736,
      "prefill_weight_memory_bytes": 32000000000.0,
      "prefill_kv_memory_bytes": 42467328.0,
      "prefill_activation_peak_memory_bytes": 33884999999.999996,
      "prefill_workspace_memory_bytes": 7911296079.36,
      "link_bandwidth_gbps": 100.0
    },
    {
      "total_samples": 1,
      "total_latency_s": 0.0200797852552341,
      "data_tx_latency_s": 7.95927647599076e-05,
      "inter_stage_latency_s": 0.0001594782047599076,
      "stage1_compute_latency_s": 0.0024203571428571425,
      "stage2_compute_latency_s": 0.0024203571428571425,
      "effective_compute_flops": 1181745705861800.8,
      "effective_compute_pflops": 1.1817457058618008,
      "ideal_peak_pflops": 20.0,
      "compute_utilization": 0.05908728529309004,
      "bottleneck_stage": "bigstar1_stage",
      "decode_latency_s_per_token": 0.004704495161902765,
      "decode_total_latency_s": 0.004704495161902765,
      "decode_compute_latency_s_per_token": 1.5662775e-05,
      "decode_memory_latency_s_per_token": 0.002343703678571429,
      "decode_effective_compute_pflops": 0.01331728439373298,
      "decode_bottleneck": "memory",
      "prefill_compute_time_s": 0.00237292,
      "prefill_memory_time_s": 0.0024203571428571425,
      "prefill_time_s": 0.005000192490474193,
      "prefill_bottleneck": "memory",
      "decode_energy_efficiency_tokens_per_j": 0.010628132940788734,
      "total_inference_time_s": 0.009704687652376958,
      "prefill_peak_memory_bytes": 73838763407.36,
      "prefill_peak_memory_gb": 73.83876340736,
      "prefill_weight_memory_bytes": 32000000000.0,
      "prefill_kv_memory_bytes": 42467328.0,
      "prefill_activation_peak_memory_bytes": 33884999999.999996,
      "prefill_workspace_memory_bytes": 7911296079.36,
      "link_bandwidth_gbps": 200.0
    },
    {
      "total_samples": 1,
      "total_latency_s": 0.0199769279752341,
      "data_tx_latency_s": 4.81354847599076e-05,
      "inter_stage_latency_s": 8.80782047599076e-05,
      "stage1_compute_latency_s": 0.0024203571428571425,
      "stage2_compute_latency_s": 0.0024203571428571425,
      "effective_compute_flops": 1187830282484758.8,
      "effective_compute_pflops": 1.1878302824847589,
      "ideal_peak_pflops": 20.0,
      "compute_utilization": 0.059391514124237946,
      "bottleneck_stage": "bigstar1_stage",
      "decode_latency_s_per_token": 0.004704290361902765,
      "decode_total_latency_s": 0.004704290361902765,
      "decode_compute_latency_s_per_token": 1.5662775e-05,
      "decode_memory_latency_s_per_token": 0.002343703678571429,
      "decode_effective_compute_pflops": 0.013317864158082969,
      "decode_bottleneck": "memory",
      "prefill_compute_time_s": 0.00237292,
      "prefill_memory_time_s": 0.0024203571428571425,
      "prefill_time_s": 0.004928792490474192,
      "prefill_bottleneck": "memory",
      "decode_energy_efficiency_tokens_per_j": 0.010628595633662433,
      "total_inference_time_s": 0.009633082852376958,
      "prefill_peak_memory_bytes": 73838763407.36,
      "prefill_peak_memory_gb": 73.83876340736,
      "prefill_weight_memory_bytes": 32000000000.0,
      "prefill_kv_memory_bytes": 42467328.0,
      "prefill_activation_peak_memory_bytes": 33884999999.999996,
      "prefill_workspace_memory_bytes": 7911296079.36,
      "link_bandwidth_gbps": 400.0
    }
  ]
}